{"train": "[[0.6623427, 0.6179013, 0.60127354, 0.58941865, 0.5790845, 0.56957304, 0.56085706, 0.5530186, 0.5461033, 0.5400976] ]",
  "test": "[[0.6324328, 0.60883033, 0.5994602, 0.595347, 0.5936447, 0.59287304, 0.592229, 0.59145135, 0.59058607, 0.589755]]",
  "time": "[[0, 843512, 1687024, 2530536, 3374048, 4217560, 5061072, 5904584, 6748096, 7591608, 8435120]]",
  "seconds": [
 {"Preprocess": 42.44410991668701, "Encryption": 29.64052653312683, "COS": 0.6295700073242188, "Update": [0, 1814.358554840088, 3570.9744470119476, 5336.735733509064, 7106.566372871399, 8870.970513820648, 10614.795551538467, 12356.081526756287, 14096.529346227646, 15993.785919904709, 17999.82445549965], "DO_Main": 0, "DO_Animation": 1.012519121170044, "DO_Sci-Fi": 2.636038064956665, "DO_Thriller": 5.594263792037964, "DO_Comedy": 10.008986473083496, "DO_Crime": 2.7698848247528076, "DO_Drama": 14.87472128868103, "DO_Adventure": 3.3723227977752686, "DO_Children": 2.3589954376220703, "DO_Action": 4.965211868286133, "DO_Romance": 6.04494833946228, "DO_War": 0.9858546257019043, "DO_Western": 0.4777867794036865, "DO_Horror": 3.1657280921936035, "DO_Musical": 0.9560980796813965, "DO_IMAX": 0.035987138748168945, "DO_Mystery": 1.7005300521850586, "DO_Fantasy": 1.7388663291931152, "DO_Documentary": 0.6324656009674072, "DO_(no genres listed)": 0, "DO_Film-Noir": 0.259660005569458}
  ]}


